{
  "base": {
    "style": {
      "backgroundColor": "#FFFFFF",
      "borderColor": "#AAAAC870",
      "borderStyle": "solid",
      "borderWidth": "1px",
      "borderTopLeftRadius": "5px",
      "borderTopRightRadius": "5px",
      "borderBottomLeftRadius": "5px",
      "borderBottomRightRadius": "5px",
      "boxShadow": "4px 4px 4px 2px rgba(170,170,200,0.4)",
      "marginBottom": "10px",
      "marginLeft": "15px",
      "marginRight": "15px",
      "marginTop": "5px",
      "padding": "10px"
    }
  }
}